{
  "algorithm": "GridSearchOptimizer",
  "stop_reason": "max_trials_reached",
  "best_config": {
    "model": "gemini-3-flash-preview"
  },
  "best_score": 0.6666666666666666,
  "best_metrics": {
    "cost": 0.053733,
    "total_cost": 0.053733,
    "success_rate": 1.0,
    "tool_accuracy": 0.6666666666666666,
    "param_accuracy": 0.0,
    "accuracy": 0.6666666666666666,
    "text_accuracy": 1.0,
    "latency": 16322.666666666666,
    "score": 0.6666666666666666,
    "response_time_ms": 16322.666666666666,
    "examples_attempted": 3
  },
  "total_trials": 4,
  "success_rate": 1.0,
  "duration": 303.08584666252136,
  "total_cost": 0.1028174,
  "trials": [
    {
      "trial_id": "trial_5822ccd7098e",
      "config": {
        "model": "gemini-3-flash-preview"
      },
      "metrics": {
        "cost": 0.053733,
        "total_cost": 0.053733,
        "success_rate": 1.0,
        "tool_accuracy": 0.6666666666666666,
        "param_accuracy": 0.0,
        "accuracy": 0.6666666666666666,
        "text_accuracy": 1.0,
        "latency": 16322.666666666666,
        "score": 0.6666666666666666,
        "response_time_ms": 16322.666666666666,
        "examples_attempted": 3
      },
      "status": "completed",
      "is_successful": true,
      "duration": 50.4994421005249
    },
    {
      "trial_id": "trial_94093768acc4",
      "config": {
        "model": "gemini-2.5-flash"
      },
      "metrics": {
        "cost": 0.0246747,
        "total_cost": 0.0246747,
        "success_rate": 1.0,
        "tool_accuracy": 0.6666666666666666,
        "param_accuracy": 1.0,
        "accuracy": 0.8333333333333334,
        "text_accuracy": 1.0,
        "latency": 11286.0,
        "score": 0.8333333333333334,
        "response_time_ms": 11286.0,
        "examples_attempted": 3
      },
      "status": "completed",
      "is_successful": true,
      "duration": 35.04753398895264
    },
    {
      "trial_id": "trial_4ce3058b9394",
      "config": {
        "model": "gpt-5-nano-2025-08-07"
      },
      "metrics": {
        "cost": 0.0047572000000000005,
        "total_cost": 0.0047572000000000005,
        "success_rate": 1.0,
        "tool_accuracy": 0.3333333333333333,
        "param_accuracy": 0.0,
        "accuracy": 0.3333333333333333,
        "text_accuracy": 1.0,
        "latency": 32653.0,
        "score": 0.3333333333333333,
        "response_time_ms": 32653.0,
        "examples_attempted": 3
      },
      "status": "completed",
      "is_successful": true,
      "duration": 99.31514763832092
    },
    {
      "trial_id": "trial_444582cb961a",
      "config": {
        "model": "gpt-5-mini-2025-08-07"
      },
      "metrics": {
        "cost": 0.0196525,
        "total_cost": 0.0196525,
        "success_rate": 1.0,
        "tool_accuracy": 0.3333333333333333,
        "param_accuracy": 0.0,
        "accuracy": 0.5,
        "text_accuracy": 1.0,
        "latency": 36679.666666666664,
        "score": 0.5,
        "response_time_ms": 36679.666666666664,
        "examples_attempted": 3
      },
      "status": "completed",
      "is_successful": true,
      "duration": 111.41264629364014
    }
  ]
}
